Season,Experiment,Model,Bets,W/L,Win%,ROI%,Final$
2024-25,Exp1 (僅EV/Kelly),Logistic Regression,581,340/241,58.5%,-0.78,9591.47
2024-25,Exp1 (僅EV/Kelly),Ridge Regression,578,335/243,58.0%,-2.02,8948.24
2024-25,Exp1 (僅EV/Kelly),Lasso (L1 Logistic),575,339/236,59.0%,-1.24,9355.62
2024-25,Exp1 (僅EV/Kelly),SVM (Linear),665,400/265,60.2%,-1.5,8994.15
2024-25,Exp1 (僅EV/Kelly),Random Forest,438,219/219,50.0%,3.23,11713.09
2024-25,Exp1 (僅EV/Kelly),XGBoost,435,200/235,46.0%,-3.64,8169.95
2024-25,Exp1 (僅EV/Kelly),Stacking Classifier,573,326/247,56.9%,-1.61,9156.87
2024-25,Exp2 (+Cons),Logistic Regression,529,312/217,59.0%,-1.26,9348.73
2024-25,Exp2 (+Cons),Ridge Regression,525,307/218,58.5%,-0.72,9628.47
2024-25,Exp2 (+Cons),Lasso (L1 Logistic),532,316/216,59.4%,-1.39,9277.65
2024-25,Exp2 (+Cons),SVM (Linear),620,383/237,61.8%,-1.13,9239.36
2024-25,Exp2 (+Cons),Random Forest,310,163/147,52.6%,9.23,13477.78
2024-25,Exp2 (+Cons),XGBoost,256,140/116,54.7%,10.73,13677.57
2024-25,Exp2 (+Cons),Stacking Classifier,518,299/219,57.7%,-0.46,9767.04
2024-25,Exp3 (+Band),Logistic Regression,400,262/138,65.5%,3.65,11596.43
2024-25,Exp3 (+Band),Ridge Regression,404,263/141,65.1%,5.75,12857.72
2024-25,Exp3 (+Band),Lasso (L1 Logistic),400,263/137,65.8%,3.41,11497.55
2024-25,Exp3 (+Band),SVM (Linear),495,328/167,66.3%,2.85,11859.44
2024-25,Exp3 (+Band),Random Forest,220,125/95,56.8%,4.62,11223.15
2024-25,Exp3 (+Band),XGBoost,221,113/108,51.1%,-0.25,9930.09
2024-25,Exp3 (+Band),Stacking Classifier,399,253/146,63.4%,4.61,12131.89
2024-25,Exp4 (+Cons+Band),Logistic Regression,384,246/138,64.1%,3.07,11296.49
2024-25,Exp4 (+Cons+Band),Ridge Regression,390,249/141,63.8%,4.21,11915.87
2024-25,Exp4 (+Cons+Band),Lasso (L1 Logistic),387,252/135,65.1%,4.35,11904.04
2024-25,Exp4 (+Cons+Band),SVM (Linear),485,321/164,66.2%,1.64,11020.72
2024-25,Exp4 (+Cons+Band),Random Forest,187,101/86,54.0%,8.36,11818.41
2024-25,Exp4 (+Cons+Band),XGBoost,143,83/60,58.0%,13.55,12166.12
2024-25,Exp4 (+Cons+Band),Stacking Classifier,382,239/143,62.6%,3.29,11420.0
2025-26,Exp1 (僅EV/Kelly),Logistic Regression,485,264/221,54.4%,-5.32,7577.05
2025-26,Exp1 (僅EV/Kelly),Ridge Regression,493,270/223,54.8%,-5.52,7479.91
2025-26,Exp1 (僅EV/Kelly),Lasso (L1 Logistic),491,270/221,55.0%,-4.11,8079.1
2025-26,Exp1 (僅EV/Kelly),SVM (Linear),547,315/232,57.6%,-4.84,7308.41
2025-26,Exp1 (僅EV/Kelly),Random Forest,385,203/182,52.7%,11.1,15124.34
2025-26,Exp1 (僅EV/Kelly),XGBoost,390,196/194,50.3%,9.66,15323.0
2025-26,Exp1 (僅EV/Kelly),Stacking Classifier,488,266/222,54.5%,-3.95,8194.06
2025-26,Exp2 (+Cons),Logistic Regression,450,249/201,55.3%,-3.98,8343.42
2025-26,Exp2 (+Cons),Ridge Regression,456,253/203,55.5%,-4.36,8159.11
2025-26,Exp2 (+Cons),Lasso (L1 Logistic),457,252/205,55.1%,-5.15,7854.45
2025-26,Exp2 (+Cons),SVM (Linear),513,303/210,59.1%,-4.48,7664.52
2025-26,Exp2 (+Cons),Random Forest,293,153/140,52.2%,11.84,13882.06
2025-26,Exp2 (+Cons),XGBoost,229,112/117,48.9%,10.53,13029.84
2025-26,Exp2 (+Cons),Stacking Classifier,458,257/201,56.1%,-3.76,8433.49
2025-26,Exp3 (+Band),Logistic Regression,334,196/138,58.7%,-10.91,6580.2
2025-26,Exp3 (+Band),Ridge Regression,345,207/138,60.0%,-8.04,7248.35
2025-26,Exp3 (+Band),Lasso (L1 Logistic),337,200/137,59.3%,-10.3,6703.08
2025-26,Exp3 (+Band),SVM (Linear),411,257/154,62.5%,-6.87,6990.17
2025-26,Exp3 (+Band),Random Forest,190,105/85,55.3%,5.39,11094.13
2025-26,Exp3 (+Band),XGBoost,183,100/83,54.6%,6.14,11470.57
2025-26,Exp3 (+Band),Stacking Classifier,346,205/141,59.2%,-7.9,7352.69
2025-26,Exp4 (+Cons+Band),Logistic Regression,334,198/136,59.3%,-8.38,7252.95
2025-26,Exp4 (+Cons+Band),Ridge Regression,336,199/137,59.2%,-10.01,6831.9
2025-26,Exp4 (+Cons+Band),Lasso (L1 Logistic),339,200/139,59.0%,-9.12,7005.21
2025-26,Exp4 (+Cons+Band),SVM (Linear),407,252/155,61.9%,-5.8,7450.31
2025-26,Exp4 (+Cons+Band),Random Forest,174,93/81,53.4%,9.14,11616.39
2025-26,Exp4 (+Cons+Band),XGBoost,134,69/65,51.5%,15.53,12689.58
2025-26,Exp4 (+Cons+Band),Stacking Classifier,341,203/138,59.5%,-4.29,8604.1
